timestamp,drone_id,channel,bs_id_selected,snr_bs1,snr_bs2,snr_bs3,snr_bs4,data_total_mb,data_downloaded_mb,data_remaining_mb,throughput_mbps,latency_ms,rtt_ms,delay_ms,distance_to_selected_bs_m,downloading_enabled,waypoint_index,num_waypoints,lat,lon,alt,elapsed_time_s
2025-12-03T21:51:47.034140,uav1,3320000000.0,,-99.0,-99.0,-99.0,-99.0,20000.0,0.1201171875,19999.8798828125,0.498,0.042,0.042,0.042,,1,0,0,35.7271223,-78.6962747,-0.017,0.0
2025-12-03T21:51:48.037778,uav1,3320000000.0,1,-99.0,-99.0,-99.0,-99.0,20000.0,0.1794921875,19999.8205078125,0.498,0.041,0.041,0.041,45.4431179076768,1,0,0,35.7271223,-78.6962747,-0.017,0.0
2025-12-03T21:51:49.041548,uav1,3320000000.0,1,-99.0,-99.0,-99.0,-99.0,20000.0,0.23886718750000002,19999.7611328125,0.498,0.048,0.048,0.048,45.4431179076768,1,0,0,35.7271223,-78.6962747,-0.017,0.0
2025-12-03T21:51:50.045168,uav1,3320000000.0,1,-99.0,-99.0,-99.0,-99.0,20000.0,0.29824218750000003,19999.7017578125,0.498,0.043,0.043,0.043,45.4431179076768,1,0,0,35.7271223,-78.6962747,-0.017,0.0
2025-12-03T21:51:51.049712,uav1,3320000000.0,1,-99.0,-99.0,-99.0,-99.0,20000.0,0.35761718750000004,19999.6423828125,0.498,0.043,0.043,0.043,45.4431179076768,1,0,0,35.7271223,-78.6962747,-0.017,0.0
2025-12-03T21:51:52.053693,uav1,3320000000.0,1,-99.0,-99.0,-99.0,-99.0,20000.0,0.41835937500000003,19999.581640625,0.51,0.037,0.037,0.037,45.4431179076768,1,0,0,35.7271223,-78.6962747,-0.017,0.0
2025-12-03T21:51:53.057068,uav1,3320000000.0,1,-99.0,-99.0,-99.0,-99.0,20000.0,0.47773437500000004,19999.522265625,0.498,0.042,0.042,0.042,45.4431179076768,1,0,0,35.7271223,-78.6962747,-0.017,0.0
2025-12-03T21:51:54.061287,uav1,3320000000.0,1,-99.0,-99.0,-99.0,-99.0,20000.0,0.537109375,19999.462890625,0.498,0.049,0.049,0.049,45.4431179076768,1,0,0,35.7271223,-78.6962747,-0.017,0.0
2025-12-03T21:51:55.066526,uav1,3320000000.0,1,-99.0,-99.0,-99.0,-99.0,20000.0,0.596484375,19999.403515625,0.498,0.044,0.044,0.044,45.4431179076768,1,0,0,35.7271223,-78.6962747,-0.017,0.0
2025-12-03T21:51:56.070620,uav1,3320000000.0,1,-99.0,-99.0,-99.0,-99.0,20000.0,0.6558593749999999,19999.344140625,0.498,0.046,0.046,0.046,45.4431179076768,1,0,0,35.7271223,-78.6962747,-0.017,0.0
2025-12-03T21:51:57.075422,uav1,3320000000.0,1,-99.0,-99.0,-99.0,-99.0,20000.0,0.7152343749999999,19999.284765625,0.498,0.046,0.046,0.046,45.4431179076768,1,0,0,35.7271223,-78.6962747,-0.017,0.0
2025-12-03T21:51:58.079032,uav1,3320000000.0,1,-99.0,-99.0,-99.0,-99.0,20000.0,0.7759765624999999,19999.2240234375,0.51,0.044,0.044,0.044,45.4431179076768,1,0,0,35.7271223,-78.6962747,-0.017,0.0
2025-12-03T21:51:59.082804,uav1,3320000000.0,1,-99.0,-99.0,-99.0,-99.0,20000.0,0.8353515624999999,19999.1646484375,0.498,0.043,0.043,0.043,45.4431179076768,1,0,0,35.7271223,-78.6962747,-0.017,0.0
2025-12-03T21:52:00.086677,uav1,3320000000.0,1,-99.0,-99.0,-99.0,-99.0,20000.0,0.8947265624999998,19999.1052734375,0.498,0.041,0.041,0.041,45.4431179076768,1,0,0,35.7271223,-78.6962747,-0.017,0.0
2025-12-03T21:52:01.090253,uav1,3320000000.0,1,-99.0,-99.0,-99.0,-99.0,20000.0,0.9541015624999998,19999.0458984375,0.498,0.045,0.045,0.045,45.4431179076768,1,0,0,35.7271223,-78.6962747,-0.017,0.0
2025-12-03T21:52:02.093993,uav1,3320000000.0,1,-99.0,-99.0,-99.0,-99.0,20000.0,1.0134765624999997,19998.9865234375,0.498,0.048,0.048,0.048,45.4431179076768,1,0,0,35.7271223,-78.6962747,-0.017,0.0
2025-12-03T21:52:03.097600,uav1,3320000000.0,1,-99.0,-99.0,-99.0,-99.0,20000.0,1.0728515624999997,19998.9271484375,0.498,0.051,0.051,0.051,45.4431179076768,1,0,0,35.7271223,-78.6962747,-0.017,0.0
2025-12-03T21:52:04.101359,uav1,3320000000.0,1,-99.0,-99.0,-99.0,-99.0,20000.0,1.1335937499999997,19998.86640625,0.51,0.048,0.048,0.048,45.4431179076768,1,0,0,35.7271223,-78.6962747,-0.017,0.0
2025-12-03T21:52:05.105985,uav1,3320000000.0,1,-99.0,-99.0,-99.0,-99.0,20000.0,1.1929687499999997,19998.80703125,0.498,0.053,0.053,0.053,45.4431179076768,1,0,0,35.7271223,-78.6962747,-0.017,0.0
2025-12-03T21:52:06.110451,uav1,3320000000.0,1,-99.0,-99.0,-99.0,-99.0,20000.0,1.2523437499999996,19998.74765625,0.498,0.048,0.048,0.048,45.4431179076768,1,0,0,35.7271223,-78.6962747,-0.017,0.0
2025-12-03T21:52:07.114968,uav1,3320000000.0,1,-99.0,-99.0,-99.0,-99.0,20000.0,1.3117187499999996,19998.68828125,0.498,0.05,0.05,0.05,45.4431179076768,1,0,0,35.7271223,-78.6962747,-0.017,0.0
2025-12-03T21:52:08.118735,uav1,3320000000.0,1,-99.0,-99.0,-99.0,-99.0,20000.0,1.3710937499999996,19998.62890625,0.498,0.037,0.037,0.037,45.4431179076768,1,0,0,35.7271223,-78.6962747,-0.017,0.0
2025-12-03T21:52:09.123428,uav1,3320000000.0,1,-99.0,-99.0,-99.0,-99.0,20000.0,1.4304687499999995,19998.56953125,0.498,0.049,0.049,0.049,45.4431179076768,1,0,0,35.7271223,-78.6962747,-0.017,0.0
2025-12-03T21:52:10.127688,uav1,3320000000.0,1,-99.0,-99.0,-99.0,-99.0,20000.0,1.4912109374999996,19998.5087890625,0.51,0.051,0.051,0.051,45.4431179076768,1,0,0,35.7271223,-78.6962747,-0.017,0.0
2025-12-03T21:52:11.131670,uav1,3320000000.0,1,-99.0,-99.0,-99.0,-99.0,20000.0,1.5505859374999995,19998.4494140625,0.498,0.052,0.052,0.052,45.4431179076768,1,0,0,35.7271223,-78.6962747,-0.017,0.0
2025-12-03T21:52:12.135253,uav1,3320000000.0,1,-99.0,-99.0,-99.0,-99.0,20000.0,1.6099609374999995,19998.3900390625,0.498,0.058,0.058,0.058,45.4431179076768,1,0,0,35.7271223,-78.6962747,-0.017,0.0
2025-12-03T21:52:13.139107,uav1,3320000000.0,1,-99.0,-99.0,-99.0,-99.0,20000.0,1.6693359374999994,19998.3306640625,0.498,0.046,0.046,0.046,45.4431179076768,1,0,0,35.7271223,-78.6962747,-0.017,0.0
2025-12-03T21:52:14.142736,uav1,3320000000.0,1,-99.0,-99.0,-99.0,-99.0,20000.0,1.7287109374999994,19998.2712890625,0.498,0.052,0.052,0.052,45.4431179076768,1,0,0,35.7271223,-78.6962747,-0.017,0.0
2025-12-03T21:52:15.147455,uav1,3320000000.0,1,-99.0,-99.0,-99.0,-99.0,20000.0,1.7880859374999993,19998.2119140625,0.498,0.053,0.053,0.053,45.4431179076768,1,0,0,35.7271223,-78.6962747,0.002,0.0
2025-12-03T21:52:16.152099,uav1,3320000000.0,1,-99.0,-99.0,-99.0,-99.0,20000.0,1.8488281249999994,19998.151171875,0.51,0.045,0.045,0.045,45.4431179076768,1,0,0,35.7271223,-78.6962747,0.002,0.0
2025-12-03T21:52:17.156995,uav1,3320000000.0,1,-99.0,-99.0,-99.0,-99.0,20000.0,1.9082031249999993,19998.091796875,0.498,0.046,0.046,0.046,45.4431179076768,1,0,0,35.7271223,-78.6962747,0.002,0.0
2025-12-03T21:52:18.161391,uav1,3320000000.0,1,-99.0,-99.0,-99.0,-99.0,20000.0,1.9675781249999993,19998.032421875,0.498,0.056,0.056,0.056,45.4431179076768,1,0,0,35.7271223,-78.6962747,0.002,0.0
2025-12-03T21:52:19.165593,uav1,3320000000.0,1,-99.0,-99.0,-99.0,-99.0,20000.0,2.0269531249999995,19997.973046875,0.498,0.047,0.047,0.047,45.4431179076768,1,0,0,35.7271223,-78.6962747,0.002,0.0
2025-12-03T21:52:20.169486,uav1,3320000000.0,1,-99.0,-99.0,-99.0,-99.0,20000.0,2.0863281249999996,19997.913671875,0.498,0.045,0.045,0.045,45.4431179076768,1,0,0,35.7271223,-78.6962747,0.448,0.0
2025-12-03T21:52:21.173724,uav1,3320000000.0,1,-99.0,-99.0,-99.0,-99.0,20000.0,2.145703125,19997.854296875,0.498,0.044,0.044,0.044,45.43301371485802,1,0,0,35.7271224,-78.6962748,1.892,0.0
2025-12-03T21:52:22.177130,uav1,3320000000.0,1,-99.0,-99.0,-99.0,-99.0,20000.0,2.205078125,19997.794921875,0.498,0.053,0.053,0.053,45.42386882730835,1,0,0,35.7271225,-78.696275,4.246,0.0
2025-12-03T21:52:23.181198,uav1,3320000000.0,1,-99.0,-99.0,-99.0,-99.0,20000.0,2.2658203125,19997.7341796875,0.51,0.043,0.043,0.043,45.42386882730835,1,0,0,35.7271225,-78.696275,6.789,0.0
2025-12-03T21:52:24.185303,uav1,3320000000.0,1,-99.0,-99.0,-99.0,-99.0,20000.0,2.3251953125,19997.6748046875,0.498,0.047,0.047,0.047,45.42386882730835,1,0,0,35.7271225,-78.696275,9.278,0.0
2025-12-03T21:52:25.188848,uav1,3320000000.0,1,-99.0,-99.0,-99.0,-99.0,20000.0,2.3845703125,19997.6154296875,0.498,0.069,0.069,0.069,45.42386882730835,1,0,0,35.7271225,-78.696275,11.778,0.0
2025-12-03T21:52:26.192695,uav1,3320000000.0,1,-99.0,-99.0,-99.0,-99.0,20000.0,2.4439453125000004,19997.5560546875,0.498,0.055,0.055,0.055,45.42291179103682,1,0,0,35.7271225,-78.6962749,14.271,0.0
2025-12-03T21:52:27.196273,uav1,3320000000.0,1,-99.0,-99.0,-99.0,-99.0,20000.0,2.5033203125000005,19997.4966796875,0.498,0.052,0.052,0.052,45.42291179103682,1,0,0,35.7271225,-78.6962749,16.754,0.0
2025-12-03T21:52:28.199982,uav1,3320000000.0,1,-99.0,-99.0,-99.0,-99.0,20000.0,2.5626953125000007,19997.4373046875,0.498,0.05,0.05,0.05,45.42291179103682,1,0,0,35.7271225,-78.6962749,19.252,0.0
2025-12-03T21:52:29.204028,uav1,3320000000.0,1,-99.0,-99.0,-99.0,-99.0,20000.0,2.6234375000000005,19997.3765625,0.51,0.054,0.054,0.054,45.42291179103682,1,0,0,35.7271225,-78.6962749,21.516,0.0
2025-12-03T21:52:30.208148,uav1,3320000000.0,1,-99.0,-99.0,-99.0,-99.0,20000.0,2.6828125000000007,19997.3171875,0.498,0.058,0.058,0.058,45.42291179103682,1,0,0,35.7271225,-78.6962749,23.221,0.0
2025-12-03T21:52:31.213257,uav1,3320000000.0,1,-99.0,-99.0,-99.0,-99.0,20000.0,2.742187500000001,19997.2578125,0.498,0.052,0.052,0.052,45.42386882730835,1,0,0,35.7271225,-78.696275,24.377,0.0
2025-12-03T21:52:32.218224,uav1,3320000000.0,1,-14.145929,-28.440292,-12.213211,-24.018635,20000.0,2.801562500000001,19997.1984375,0.498,0.051,0.051,0.051,45.42386882730835,1,0,0,35.7271225,-78.696275,24.965,0.0
2025-12-03T21:52:33.223749,uav1,3320000000.0,3,-14.145929,-28.440292,-12.213211,-24.018635,20000.0,2.8609375000000012,19997.1390625,0.498,0.052,0.052,0.052,456.84373799784004,1,0,0,35.7271225,-78.696275,24.967,0.0
2025-12-03T21:52:34.229393,uav1,3320000000.0,3,-14.145929,-28.440292,-12.213211,-24.018635,20000.0,2.9203125000000014,19997.0796875,0.498,0.056,0.056,0.056,456.8574148904373,1,0,0,35.7271226,-78.6962751,24.953,0.0
2025-12-03T21:52:35.243551,uav1,3320000000.0,3,-14.145929,-28.440292,-12.213211,-24.018635,20000.0,2.9810546875000012,19997.0189453125,0.51,0.054,0.054,0.054,456.86357884386325,1,0,0,35.7271227,-78.6962751,24.958,0.0
2025-12-03T21:52:36.248179,uav1,3320000000.0,3,-14.145929,-28.440292,-12.213211,-24.018635,20000.0,3.0404296875000014,19996.9595703125,0.498,0.048,0.048,0.048,456.86357884386325,1,0,6,35.7271227,-78.6962751,24.964,0.772778
2025-12-03T21:52:37.253306,uav1,3320000000.0,3,-14.145929,-28.440292,-12.213211,-24.018635,20000.0,3.0998046875000016,19996.9001953125,0.498,0.059,0.059,0.059,457.040551129598,1,0,6,35.7271263,-78.6962745,24.959,1.77861
2025-12-03T21:52:38.258327,uav1,3320000000.0,3,-14.145929,-28.440292,-12.213211,-24.018635,20000.0,3.1591796875000018,19996.8408203125,0.498,0.052,0.052,0.052,458.2415201150842,1,0,6,35.7271498,-78.6962711,24.966,2.782678
2025-12-03T21:52:39.262063,uav1,3320000000.0,3,-14.145929,-28.440292,-12.213211,-24.018635,20000.0,3.218554687500002,19996.7814453125,0.498,0.052,0.052,0.052,460.5707468691413,1,0,6,35.7271952,-78.6962642,24.972,3.786487
2025-12-03T21:52:40.266074,uav1,3320000000.0,3,-14.145929,-28.440292,-12.213211,-24.018635,20000.0,3.277929687500002,19996.7220703125,0.498,0.056,0.056,0.056,464.0828014281211,1,0,6,35.7272611,-78.6962549,24.977,4.790538
2025-12-03T21:52:41.270059,uav1,3320000000.0,3,-14.145929,-28.440292,-12.213211,-24.018635,20000.0,3.338671875000002,19996.661328125,0.51,0.051,0.051,0.051,468.1053177301454,1,0,6,35.7273344,-78.6962447,24.989,5.794485
2025-12-03T21:52:42.274336,uav1,3320000000.0,3,-14.145929,-28.440292,-12.213211,-24.018635,20000.0,3.398046875000002,19996.601953125,0.498,0.055,0.055,0.055,471.82596561025554,1,0,6,35.7274004,-78.6962356,24.988,6.798852
2025-12-03T21:52:43.278475,uav1,3320000000.0,3,-14.145929,-28.440292,-12.213211,-24.018635,20000.0,3.4574218750000023,19996.542578125,0.498,0.056,0.056,0.056,475.0315310483249,1,0,6,35.727456,-78.696228,24.99,7.803906
2025-12-03T21:52:44.283219,uav1,3320000000.0,3,-14.145929,-28.440292,-12.213211,-24.018635,20000.0,3.5167968750000025,19996.483203125,0.498,0.053,0.053,0.053,477.4536987981839,1,0,6,35.7274976,-78.6962221,24.992,8.80808
2025-12-03T21:52:45.287908,uav1,3320000000.0,3,-14.145929,-28.440292,-12.213211,-24.018635,20000.0,3.5761718750000027,19996.423828125,0.498,0.055,0.055,0.055,478.9831265652502,1,0,6,35.7275238,-78.6962182,24.995,9.812396
2025-12-03T21:52:46.291854,uav1,3320000000.0,3,-14.145929,-28.440292,-12.213211,-24.018635,20000.0,3.635546875000003,19996.364453125,0.498,0.059,0.059,0.059,479.5279282804398,1,0,6,35.7275332,-78.6962167,25.0,10.8166
2025-12-03T21:52:47.295639,uav1,3320000000.0,3,-14.145929,-28.440292,-12.213211,-24.018635,20000.0,3.6962890625000027,19996.3037109375,0.51,0.052,0.052,0.052,479.4794140053017,1,0,6,35.7275325,-78.6962167,24.997,11.820108
2025-12-03T21:52:48.299755,uav1,3320000000.0,3,-14.145929,-28.440292,-12.213211,-24.018635,20000.0,3.755664062500003,19996.2443359375,0.498,0.055,0.055,0.055,479.32060866884325,1,0,6,35.7275298,-78.6962171,24.994,12.826006
2025-12-03T21:52:49.305022,uav1,3320000000.0,3,-14.145929,-28.440292,-12.213211,-24.018635,20000.0,3.815039062500003,19996.1849609375,0.498,0.053,0.053,0.053,479.25206565086165,1,0,6,35.7275283,-78.6962176,24.996,13.829563
2025-12-03T21:52:50.309118,uav1,3320000000.0,3,-14.145929,-28.440292,-12.213211,-24.018635,20000.0,3.874414062500003,19996.1255859375,0.498,0.049,0.049,0.049,479.22480692132234,1,0,6,35.7275276,-78.6962179,25.0,14.833741
2025-12-03T21:52:51.313570,uav1,3320000000.0,3,-14.145929,-28.440292,-12.213211,-24.018635,20000.0,3.9337890625000034,19996.0662109375,0.498,0.048,0.048,0.048,479.2040443379355,1,0,6,35.7275273,-78.6962179,25.001,15.838145
2025-12-03T21:52:52.318022,uav1,3320000000.0,3,-14.145929,-28.440292,-12.213211,-24.018635,20000.0,3.9931640625000036,19996.0068359375,0.498,0.057,0.057,0.057,479.1691519058727,1,0,6,35.727527,-78.6962177,25.001,16.842484
2025-12-03T21:52:53.322154,uav1,3320000000.0,3,-14.145929,-28.440292,-12.213211,-24.018635,20000.0,4.053906250000003,19995.94609375,0.51,0.048,0.048,0.048,479.1413257108323,1,0,6,35.7275267,-78.6962176,25.0,17.846674
2025-12-03T21:52:54.326569,uav1,3320000000.0,3,-14.145929,-28.440292,-12.213211,-24.018635,20000.0,4.1132812500000036,19995.88671875,0.498,0.052,0.052,0.052,479.1274860640609,1,0,6,35.7275265,-78.6962176,24.999,18.851117
2025-12-03T21:52:55.330891,uav1,3320000000.0,3,-14.145929,-28.440292,-12.213211,-24.018635,20000.0,4.172656250000004,19995.82734375,0.498,0.054,0.054,0.054,479.1205664778572,1,0,6,35.7275264,-78.6962176,24.999,19.855518
2025-12-03T21:52:56.335021,uav1,3320000000.0,3,-14.145929,-28.440292,-12.213211,-24.018635,20000.0,4.232031250000004,19995.76796875,0.498,0.043,0.043,0.043,479.1207133019311,1,0,6,35.7275263,-78.6962177,24.999,20.875271
2025-12-03T21:52:57.355299,uav1,3320000000.0,3,-14.145929,-28.440292,-12.213211,-24.018635,20000.0,4.291406250000004,19995.70859375,0.498,0.056,0.056,0.056,479.12777961947796,1,0,6,35.7275263,-78.6962178,24.998,21.87987
2025-12-03T21:52:58.359281,uav1,3320000000.0,3,-14.145929,-28.440292,-12.213211,-24.018635,20000.0,4.350781250000004,19995.64921875,0.498,0.054,0.054,0.054,479.12777961947796,1,0,6,35.7275263,-78.6962178,24.999,22.88393
2025-12-03T21:52:59.363280,uav1,3320000000.0,3,-14.145929,-28.440292,-12.213211,-24.018635,20000.0,4.411523437500004,19995.5884765625,0.51,0.052,0.052,0.052,479.12792703821424,1,0,6,35.7275262,-78.6962179,24.998,23.887876
2025-12-03T21:53:00.367608,uav1,3320000000.0,3,-14.145929,-28.440292,-12.213211,-24.018635,20000.0,4.470898437500004,19995.5291015625,0.498,0.041,0.041,0.041,479.12792703821424,1,0,6,35.7275262,-78.6962179,24.998,24.892225
2025-12-03T21:53:01.371359,uav1,3320000000.0,3,-14.145929,-28.440292,-12.213211,-24.018635,20000.0,4.530273437500004,19995.4697265625,0.498,0.052,0.052,0.052,479.12792703821424,1,0,6,35.7275262,-78.6962179,24.998,25.895934
2025-12-03T21:53:02.375320,uav1,3320000000.0,3,-14.145929,-28.440292,-12.213211,-24.018635,20000.0,4.589648437500005,19995.4103515625,0.498,0.051,0.051,0.051,479.12792703821424,1,0,6,35.7275262,-78.6962179,24.998,26.899905
2025-12-03T21:53:03.379586,uav1,3320000000.0,3,-14.145929,-28.440292,-12.213211,-24.018635,20000.0,4.649023437500005,19995.3509765625,0.498,0.052,0.052,0.052,479.1348460019815,1,0,6,35.7275263,-78.6962179,24.998,27.904074
2025-12-03T21:53:04.383196,uav1,3320000000.0,3,-14.145929,-28.440292,-12.213211,-24.018635,20000.0,4.708398437500005,19995.2916015625,0.498,0.059,0.059,0.059,479.1348460019815,1,0,6,35.7275263,-78.6962179,24.999,28.907641
2025-12-03T21:53:05.386905,uav1,3320000000.0,3,-14.145929,-28.440292,-12.213211,-24.018635,20000.0,4.767773437500005,19995.2322265625,0.498,0.052,0.052,0.052,479.1348460019815,1,0,6,35.7275263,-78.6962179,24.999,29.911557
2025-12-03T21:53:06.390649,uav1,3320000000.0,3,-14.145929,-28.440292,-12.213211,-24.018635,20000.0,4.828515625000005,19995.171484375,0.51,0.052,0.052,0.052,479.1419124530346,1,0,6,35.7275263,-78.696218,24.999,30.91531
2025-12-03T21:53:07.394724,uav1,3320000000.0,3,-14.145929,-28.440292,-12.213211,-24.018635,20000.0,4.887890625000005,19995.112109375,0.498,0.06,0.06,0.06,479.1348460019815,1,0,6,35.7275263,-78.6962179,24.999,31.919427
2025-12-03T21:53:08.399732,uav1,3320000000.0,3,-14.145929,-28.440292,-12.213211,-24.018635,20000.0,4.947265625000005,19995.052734375,0.498,0.05,0.05,0.05,479.1348460019815,1,0,6,35.7275263,-78.6962179,24.999,32.924245
2025-12-03T21:53:09.403982,uav1,3320000000.0,3,-14.145929,-28.440292,-12.213211,-24.018635,20000.0,5.0066406250000055,19994.993359375,0.498,0.053,0.053,0.053,479.1348460019815,1,0,6,35.7275263,-78.6962179,24.999,33.928856
2025-12-03T21:53:10.407888,uav1,3320000000.0,3,-14.145929,-28.440292,-12.213211,-24.018635,20000.0,5.066015625000006,19994.933984375,0.498,0.055,0.055,0.055,479.1348460019815,1,0,6,35.7275263,-78.6962179,24.999,34.932682
2025-12-03T21:53:11.412403,uav1,3320000000.0,3,-14.145929,-28.440292,-12.213211,-24.018635,20000.0,5.125390625000006,19994.874609375,0.498,0.05,0.05,0.05,479.1348460019815,1,0,6,35.7275263,-78.6962179,24.999,35.937128
2025-12-03T21:53:12.416856,uav1,3320000000.0,3,-14.145929,-28.440292,-12.213211,-24.018635,20000.0,5.186132812500006,19994.8138671875,0.51,0.051,0.051,0.051,479.1348460019815,1,0,6,35.7275263,-78.6962179,24.999,36.941382
2025-12-03T21:53:13.421188,uav1,3320000000.0,3,-14.145929,-28.440292,-12.213211,-24.018635,20000.0,5.245507812500006,19994.7544921875,0.498,0.059,0.059,0.059,479.1348460019815,1,0,6,35.7275263,-78.6962179,24.999,37.946116
2025-12-03T21:53:14.425904,uav1,3320000000.0,3,-14.145929,-28.440292,-12.213211,-24.018635,20000.0,5.304882812500006,19994.6951171875,0.498,0.051,0.051,0.051,479.1348460019815,1,0,6,35.7275263,-78.6962179,24.999,38.951288
2025-12-03T21:53:15.430677,uav1,3320000000.0,3,-14.145929,-28.440292,-12.213211,-24.018635,20000.0,5.364257812500006,19994.6357421875,0.498,0.053,0.053,0.053,479.1348460019815,1,0,6,35.7275263,-78.6962179,24.999,39.955171
2025-12-03T21:53:16.434681,uav1,3320000000.0,3,-14.145929,-28.440292,-12.213211,-24.018635,20000.0,5.423632812500006,19994.5763671875,0.498,0.051,0.051,0.051,479.1348460019815,1,0,6,35.7275263,-78.6962179,24.999,40.959599
2025-12-03T21:53:17.438698,uav1,3320000000.0,3,-14.145929,-28.440292,-12.213211,-24.018635,20000.0,5.483007812500007,19994.5169921875,0.498,0.056,0.056,0.056,479.1348460019815,1,0,6,35.7275263,-78.6962179,24.999,41.963504
2025-12-03T21:53:18.442770,uav1,3320000000.0,3,-14.145929,-28.440292,-12.213211,-24.018635,20000.0,5.543750000000006,19994.45625,0.51,0.053,0.053,0.053,479.1348460019815,1,0,6,35.7275263,-78.6962179,24.999,42.96732
2025-12-03T21:53:19.448419,uav1,3320000000.0,3,-14.145929,-28.440292,-12.213211,-24.018635,20000.0,5.603125000000007,19994.396875,0.498,0.079,0.079,0.079,479.1348460019815,1,0,6,35.7275263,-78.6962179,24.999,43.973846
2025-12-03T21:53:20.454312,uav1,3320000000.0,3,-14.145929,-28.440292,-12.213211,-24.018635,20000.0,5.662500000000007,19994.3375,0.498,0.053,0.053,0.053,479.1348460019815,1,0,6,35.7275263,-78.6962179,24.999,44.979142
2025-12-03T21:53:21.458427,uav1,3320000000.0,3,-14.145929,-28.440292,-12.213211,-24.018635,20000.0,5.721875000000007,19994.278125,0.498,0.057,0.057,0.057,479.1348460019815,1,0,6,35.7275263,-78.6962179,25.0,45.983024
2025-12-03T21:53:22.463045,uav1,3320000000.0,3,-14.145929,-28.440292,-12.213211,-24.018635,20000.0,5.781250000000007,19994.21875,0.498,0.056,0.056,0.056,479.1348460019815,1,0,6,35.7275263,-78.6962179,25.001,46.987564
2025-12-03T21:53:23.466782,uav1,3320000000.0,3,-14.145929,-28.440292,-12.213211,-24.018635,20000.0,5.781250000000007,19994.21875,0.498,0.045,0.045,0.045,479.1348460019815,1,0,6,35.7275263,-78.6962179,25.0,47.991263
2025-12-03T21:53:24.470299,uav1,3320000000.0,3,-14.145929,-28.440292,-12.213211,-24.018635,20000.0,5.781250000000007,19994.21875,0.498,0.051,0.051,0.051,479.1348460019815,1,0,6,35.7275263,-78.6962179,24.999,48.994691
2025-12-03T21:53:25.474437,uav1,3320000000.0,3,-14.145929,-28.440292,-12.213211,-24.018635,20000.0,5.781250000000007,19994.21875,0.498,0.051,0.051,0.051,479.1348460019815,1,0,6,35.7275263,-78.6962179,24.999,49.999402
2025-12-03T21:53:26.479255,uav1,3320000000.0,3,-14.145929,-28.440292,-12.213211,-24.018635,20000.0,5.781250000000007,19994.21875,0.498,0.052,0.052,0.052,479.1348460019815,1,0,6,35.7275263,-78.6962179,24.999,51.005346
2025-12-03T21:53:27.485092,uav1,3320000000.0,3,-14.145929,-28.440292,-12.213211,-24.018635,20000.0,5.781250000000007,19994.21875,0.498,0.049,0.049,0.049,479.1348460019815,1,0,6,35.7275263,-78.6962179,25.0,52.009637
2025-12-03T21:53:28.489979,uav1,3320000000.0,3,-14.145929,-28.440292,-12.213211,-24.018635,20000.0,5.781250000000007,19994.21875,0.498,0.067,0.067,0.067,479.1348460019815,1,0,6,35.7275263,-78.6962179,25.0,53.014768
2025-12-03T21:53:29.494010,uav1,3320000000.0,3,-14.145929,-28.440292,-12.213211,-24.018635,20000.0,5.781250000000007,19994.21875,0.498,0.056,0.056,0.056,479.1348460019815,1,0,6,35.7275263,-78.6962179,24.999,54.018735
2025-12-03T21:53:30.498303,uav1,3320000000.0,3,-14.145929,-28.440292,-12.213211,-24.018635,20000.0,5.781250000000007,19994.21875,0.498,0.052,0.052,0.052,479.1348460019815,1,0,6,35.7275263,-78.6962179,24.999,55.022921
2025-12-03T21:53:31.502014,uav1,3320000000.0,3,-14.145929,-28.440292,-12.213211,-24.018635,20000.0,5.781250000000007,19994.21875,0.498,0.052,0.052,0.052,479.1348460019815,1,0,6,35.7275263,-78.6962179,24.999,56.026643
2025-12-03T21:53:32.506194,uav1,3320000000.0,3,-14.145929,-28.440292,-12.213211,-24.018635,20000.0,5.781250000000007,19994.21875,0.498,0.052,0.052,0.052,479.1348460019815,1,0,6,35.7275263,-78.6962179,25.0,57.030845
2025-12-03T21:53:33.509835,uav1,3320000000.0,3,-14.145929,-28.440292,-12.213211,-24.018635,20000.0,5.781250000000007,19994.21875,0.498,0.058,0.058,0.058,479.1348460019815,1,0,6,35.7275263,-78.6962179,25.0,58.034539
2025-12-03T21:53:34.514258,uav1,3320000000.0,3,-14.145929,-28.440292,-12.213211,-24.018635,20000.0,5.781250000000007,19994.21875,0.498,0.053,0.053,0.053,479.1348460019815,1,0,6,35.7275263,-78.6962179,24.999,59.038846
2025-12-03T21:53:35.518092,uav1,3320000000.0,3,-14.145929,-28.440292,-12.213211,-24.018635,20000.0,5.781250000000007,19994.21875,0.498,0.046,0.046,0.046,479.1348460019815,1,0,6,35.7275263,-78.6962179,24.999,60.042618
2025-12-03T21:53:36.523452,uav1,3320000000.0,3,-14.145929,-28.440292,-12.213211,-24.018635,20000.0,5.781250000000007,19994.21875,0.498,0.056,0.056,0.056,479.1419124530346,1,0,6,35.7275263,-78.696218,24.999,61.048077
2025-12-03T21:53:37.527672,uav1,3320000000.0,3,-14.145929,-28.440292,-12.213211,-24.018635,20000.0,5.781250000000007,19994.21875,0.498,0.053,0.053,0.053,479.1348460019815,1,0,6,35.7275263,-78.6962179,25.001,62.05226
2025-12-03T21:53:38.531492,uav1,3320000000.0,3,-14.145929,-28.440292,-12.213211,-24.018635,20000.0,5.781250000000007,19994.21875,0.498,0.053,0.053,0.053,479.1348460019815,1,0,6,35.7275263,-78.6962179,25.0,63.05629
2025-12-03T21:53:39.535599,uav1,3320000000.0,3,-14.145929,-28.440292,-12.213211,-24.018635,20000.0,5.781250000000007,19994.21875,0.498,0.051,0.051,0.051,479.1348460019815,1,0,6,35.7275263,-78.6962179,24.999,64.060215
2025-12-03T21:53:40.539258,uav1,3320000000.0,3,-14.145929,-28.440292,-12.213211,-24.018635,20000.0,5.781250000000007,19994.21875,0.498,0.05,0.05,0.05,479.1348460019815,1,0,6,35.7275263,-78.6962179,24.999,65.063818
2025-12-03T21:53:41.543392,uav1,3320000000.0,3,-14.145929,-28.440292,-12.213211,-24.018635,20000.0,5.781250000000007,19994.21875,0.498,0.05,0.05,0.05,479.1348460019815,1,0,6,35.7275263,-78.6962179,24.999,66.068111
2025-12-03T21:53:42.547831,uav1,3320000000.0,3,-14.145929,-28.440292,-12.213211,-24.018635,20000.0,5.781250000000007,19994.21875,0.498,0.053,0.053,0.053,479.1348460019815,1,0,6,35.7275263,-78.6962179,25.0,67.072524
2025-12-03T21:53:43.552481,uav1,3320000000.0,3,-14.145929,-28.440292,-12.213211,-24.018635,20000.0,5.781250000000007,19994.21875,0.498,0.056,0.056,0.056,479.1348460019815,1,0,6,35.7275263,-78.6962179,25.001,68.077314
2025-12-03T21:53:44.556774,uav1,3320000000.0,3,-14.145929,-28.440292,-12.213211,-24.018635,20000.0,5.781250000000007,19994.21875,0.498,0.056,0.056,0.056,479.1348460019815,1,0,6,35.7275263,-78.6962179,24.999,69.081601
2025-12-03T21:53:45.560782,uav1,3320000000.0,3,-14.145929,-28.440292,-12.213211,-24.018635,20000.0,5.781250000000007,19994.21875,0.498,0.057,0.057,0.057,479.1348460019815,1,0,6,35.7275263,-78.6962179,24.999,70.085875
2025-12-03T21:53:46.564832,uav1,3320000000.0,3,-14.145929,-28.440292,-12.213211,-24.018635,20000.0,5.781250000000007,19994.21875,0.498,0.052,0.052,0.052,479.1348460019815,1,1,6,35.7275263,-78.6962179,24.999,71.08948
2025-12-03T21:53:47.569120,uav1,3320000000.0,3,-14.145929,-28.440292,-12.213211,-24.018635,20000.0,5.781250000000007,19994.21875,0.498,0.054,0.054,0.054,479.1348460019815,1,1,6,35.7275263,-78.6962179,25.0,72.093557
2025-12-03T21:53:48.572568,uav1,3320000000.0,3,-14.145929,-28.440292,-12.213211,-24.018635,20000.0,5.781250000000007,19994.21875,0.498,0.056,0.056,0.056,479.07964839013124,1,1,6,35.7275254,-78.696218,24.999,73.097159
2025-12-03T21:53:49.576297,uav1,3320000000.0,3,-14.145929,-28.440292,-12.213211,-24.018635,20000.0,5.781250000000007,19994.21875,0.498,0.056,0.056,0.056,478.0409799972168,1,1,6,35.7275082,-78.6962201,25.0,74.100917
2025-12-03T21:53:50.580309,uav1,3320000000.0,3,-14.145929,-28.440292,-12.213211,-24.018635,20000.0,5.781250000000007,19994.21875,0.498,0.052,0.052,0.052,475.6810595973697,1,1,6,35.727469,-78.6962247,25.0,75.105024
2025-12-03T21:53:51.584118,uav1,3320000000.0,3,-14.145929,-28.440292,-12.213211,-24.018635,20000.0,5.781250000000007,19994.21875,0.498,0.05,0.05,0.05,472.1050402467415,1,1,6,35.727408,-78.6962324,24.989,76.108719
2025-12-03T21:53:52.587870,uav1,3320000000.0,3,-14.145929,-28.440292,-12.213211,-24.018635,20000.0,5.781250000000007,19994.21875,0.498,0.058,0.058,0.058,467.52160967515937,1,1,6,35.7273274,-78.696243,24.989,77.112558
2025-12-03T21:53:53.591654,uav1,3320000000.0,3,-14.145929,-28.440292,-12.213211,-24.018635,20000.0,5.781250000000007,19994.21875,0.498,0.057,0.057,0.057,462.5961736906312,1,1,6,35.7272392,-78.6962538,24.988,78.116474
2025-12-03T21:53:54.596217,uav1,3320000000.0,3,-14.145929,-28.440292,-12.213211,-24.018635,20000.0,5.781250000000007,19994.21875,0.498,0.053,0.053,0.053,457.72550193297974,1,1,6,35.727148,-78.6962657,24.991,79.12079
2025-12-03T21:53:55.600275,uav1,3320000000.0,3,-14.145929,-28.440292,-12.213211,-24.018635,20000.0,5.781250000000007,19994.21875,0.498,0.056,0.056,0.056,452.9565331336792,1,1,6,35.7270558,-78.6962774,24.999,80.125034
2025-12-03T21:53:56.604566,uav1,3320000000.0,3,-14.145929,-28.440292,-12.213211,-24.018635,20000.0,5.781250000000007,19994.21875,0.498,0.043,0.043,0.043,448.38179706733507,1,1,6,35.726964,-78.6962889,25.004,81.129267
2025-12-03T21:53:57.608621,uav1,3320000000.0,3,-14.145929,-28.440292,-12.213211,-24.018635,20000.0,5.781250000000007,19994.21875,0.498,0.056,0.056,0.056,444.0704780904597,1,1,6,35.7268735,-78.6963004,25.006,82.133233
2025-12-03T21:53:58.613127,uav1,3320000000.0,3,-14.145929,-28.440292,-12.213211,-24.018635,20000.0,5.781250000000007,19994.21875,0.498,0.061,0.061,0.061,439.95865484664523,1,1,6,35.7267836,-78.6963116,25.008,83.137674
2025-12-03T21:53:59.617521,uav1,3320000000.0,3,-14.145929,-28.440292,-12.213211,-24.018635,20000.0,5.781250000000007,19994.21875,0.498,0.05,0.05,0.05,436.07631826056144,1,1,6,35.7266944,-78.6963228,25.008,84.142264
2025-12-03T21:54:00.621190,uav1,3320000000.0,3,-14.145929,-28.440292,-12.213211,-24.018635,20000.0,5.781250000000007,19994.21875,0.498,0.053,0.053,0.053,432.36691091626625,1,1,6,35.7266046,-78.6963341,25.008,85.145877
2025-12-03T21:54:01.626653,uav1,3320000000.0,3,-14.145929,-28.440292,-12.213211,-24.018635,20000.0,5.781250000000007,19994.21875,0.498,0.054,0.054,0.054,428.8796443540563,1,1,6,35.7265152,-78.6963454,25.008,86.151285
2025-12-03T21:54:02.630802,uav1,3320000000.0,3,-14.145929,-28.440292,-12.213211,-24.018635,20000.0,5.781250000000007,19994.21875,0.498,0.054,0.054,0.054,425.57553315385053,1,1,6,35.7264253,-78.6963567,25.009,87.155429
2025-12-03T21:54:03.635176,uav1,3320000000.0,3,-14.145929,-28.440292,-12.213211,-24.018635,20000.0,5.781250000000007,19994.21875,0.498,0.058,0.058,0.058,422.5369823748278,1,1,6,35.7263366,-78.696368,25.006,88.159741
2025-12-03T21:54:04.639374,uav1,3320000000.0,3,-14.145929,-28.440292,-12.213211,-24.018635,20000.0,5.781250000000007,19994.21875,0.498,0.054,0.054,0.054,419.66943057199416,1,1,6,35.7262469,-78.6963793,25.006,89.163815
2025-12-03T21:54:05.643723,uav1,3320000000.0,3,-14.145929,-28.440292,-12.213211,-24.018635,20000.0,5.781250000000007,19994.21875,0.498,0.06,0.06,0.06,417.04272991928883,1,1,6,35.7261577,-78.6963906,25.005,90.16853
2025-12-03T21:54:06.648216,uav1,3320000000.0,3,-14.145929,-28.440292,-12.213211,-24.018635,20000.0,5.781250000000007,19994.21875,0.498,0.054,0.054,0.054,414.61857468048083,1,1,6,35.7260677,-78.696402,25.006,91.172909
2025-12-03T21:54:07.652008,uav1,3320000000.0,3,-14.145929,-28.440292,-12.213211,-24.018635,20000.0,5.781250000000007,19994.21875,0.498,0.053,0.053,0.053,412.44761514855344,1,1,6,35.7259786,-78.6964133,25.005,92.176701
2025-12-03T21:54:08.656279,uav1,3320000000.0,3,-14.145929,-28.440292,-12.213211,-24.018635,20000.0,5.781250000000007,19994.21875,0.498,0.056,0.056,0.056,410.4974539203002,1,1,6,35.7258892,-78.6964246,25.005,93.180854
2025-12-03T21:54:09.660348,uav1,3320000000.0,3,-14.145929,-28.440292,-12.213211,-24.018635,20000.0,5.781250000000007,19994.21875,0.498,0.041,0.041,0.041,408.79385079062854,1,1,6,35.7258005,-78.6964358,25.003,94.185046
2025-12-03T21:54:10.664104,uav1,3320000000.0,3,-14.145929,-28.440292,-12.213211,-24.018635,20000.0,5.781250000000007,19994.21875,0.498,0.06,0.06,0.06,407.3122577687313,1,1,6,35.725711,-78.6964471,25.004,95.1895
2025-12-03T21:54:11.669491,uav1,3320000000.0,3,-14.145929,-28.440292,-12.213211,-24.018635,20000.0,5.781250000000007,19994.21875,0.498,0.053,0.053,0.053,406.067068437711,1,1,6,35.7256213,-78.6964584,25.005,96.194217
2025-12-03T21:54:12.673411,uav1,3320000000.0,3,-14.145929,-28.440292,-12.213211,-24.018635,20000.0,5.781250000000007,19994.21875,0.498,0.064,0.064,0.064,405.07306628883,1,1,6,35.7255315,-78.6964698,25.003,97.205065
2025-12-03T21:54:13.684466,uav1,3320000000.0,3,-14.145929,-28.440292,-12.213211,-24.018635,20000.0,5.781250000000007,19994.21875,0.498,0.071,0.071,0.071,404.3297902850283,1,1,6,35.7254424,-78.6964811,25.001,98.209765
2025-12-03T21:54:14.689274,uav1,3320000000.0,3,-14.145929,-28.440292,-12.213211,-24.018635,20000.0,5.781250000000007,19994.21875,0.498,0.042,0.042,0.042,403.83086597269875,1,1,6,35.7253533,-78.6964924,25.001,99.214013
2025-12-03T21:54:15.693676,uav1,3320000000.0,3,-14.145929,-28.440292,-12.213211,-24.018635,20000.0,5.781250000000007,19994.21875,0.498,0.052,0.052,0.052,403.5682329007591,1,1,6,35.7252642,-78.6965036,25.001,100.218337
2025-12-03T21:54:16.697351,uav1,3320000000.0,3,-14.145929,-28.440292,-12.213211,-24.018635,20000.0,5.781250000000007,19994.21875,0.498,0.044,0.044,0.044,403.5642020164623,1,1,6,35.7251746,-78.696515,25.004,101.222221
2025-12-03T21:54:17.701855,uav1,3320000000.0,3,-14.145929,-28.440292,-12.213211,-24.018635,20000.0,5.781250000000007,19994.21875,0.498,0.056,0.056,0.056,403.7887633190518,1,1,6,35.7250896,-78.6965258,25.014,102.227336
2025-12-03T21:54:18.707137,uav1,3320000000.0,3,-14.145929,-28.440292,-12.213211,-24.018635,20000.0,5.781250000000007,19994.21875,0.498,0.05,0.05,0.05,404.1787144983822,1,1,6,35.7250146,-78.6965354,25.006,103.231809
2025-12-03T21:54:19.711080,uav1,3320000000.0,3,-14.145929,-28.440292,-12.213211,-24.018635,20000.0,5.781250000000007,19994.21875,0.498,0.053,0.053,0.053,404.6341688624903,1,1,6,35.7249515,-78.6965434,24.997,104.235684
2025-12-03T21:54:20.715256,uav1,3320000000.0,3,-14.145929,-28.440292,-12.213211,-24.018635,20000.0,5.781250000000007,19994.21875,0.498,0.071,0.071,0.071,405.0778838214921,1,1,6,35.7249012,-78.6965497,24.993,105.24053
2025-12-03T21:54:21.720542,uav1,3320000000.0,3,-14.145929,-28.440292,-12.213211,-24.018635,20000.0,5.781250000000007,19994.21875,0.498,0.052,0.052,0.052,405.44190971490485,1,1,6,35.7248647,-78.6965542,24.994,106.245321
2025-12-03T21:54:22.724486,uav1,3320000000.0,3,-14.145929,-28.440292,-12.213211,-24.018635,20000.0,5.781250000000007,19994.21875,0.498,0.056,0.056,0.056,405.6798411186929,1,1,6,35.724843,-78.6965569,24.997,107.249124
2025-12-03T21:54:23.728709,uav1,3320000000.0,3,-14.145929,-28.440292,-12.213211,-24.018635,20000.0,5.781250000000007,19994.21875,0.498,0.057,0.057,0.057,405.7439853679174,1,2,6,35.7248369,-78.6965576,24.999,108.253698
2025-12-03T21:54:24.733230,uav1,3320000000.0,3,-14.145929,-28.440292,-12.213211,-24.018635,20000.0,5.781250000000007,19994.21875,0.498,0.054,0.054,0.054,405.71639322434476,1,2,6,35.7248393,-78.6965573,24.997,109.258005
2025-12-03T21:54:25.737551,uav1,3320000000.0,3,-14.145929,-28.440292,-12.213211,-24.018635,20000.0,5.781250000000007,19994.21875,0.498,0.047,0.047,0.047,405.26469087098724,1,2,6,35.7248418,-78.6965523,24.995,110.262181
2025-12-03T21:54:26.741572,uav1,3320000000.0,3,-14.145929,-28.440292,-12.213211,-24.018635,20000.0,5.781250000000007,19994.21875,0.498,0.053,0.053,0.053,402.5835139348109,1,2,6,35.7248433,-78.6965226,24.999,111.266147
2025-12-03T21:54:27.745120,uav1,3320000000.0,3,-14.145929,-28.440292,-12.213211,-24.018635,20000.0,5.781250000000007,19994.21875,0.498,0.044,0.044,0.044,397.4921663708834,1,2,6,35.7248443,-78.6964662,24.995,112.269684
2025-12-03T21:54:28.748866,uav1,3320000000.0,3,-14.145929,-28.440292,-12.213211,-24.018635,20000.0,5.781250000000007,19994.21875,0.498,0.053,0.053,0.053,390.00866321017963,1,2,6,35.7248444,-78.6963833,24.983,113.2734
2025-12-03T21:54:29.753246,uav1,3320000000.0,3,-14.145929,-28.440292,-12.213211,-24.018635,20000.0,5.781250000000007,19994.21875,0.498,0.059,0.059,0.059,380.62946246412514,1,2,6,35.7248444,-78.6962794,24.99,114.277799
2025-12-03T21:54:30.757137,uav1,3320000000.0,3,-14.145929,-28.440292,-12.213211,-24.018635,20000.0,5.781250000000007,19994.21875,0.498,0.056,0.056,0.056,370.6544703419015,1,2,6,35.7248444,-78.6961689,24.987,115.281793
2025-12-03T21:54:31.761418,uav1,3320000000.0,3,-14.145929,-28.440292,-12.213211,-24.018635,20000.0,5.781250000000007,19994.21875,0.498,0.052,0.052,0.052,360.3183949962328,1,2,6,35.7248443,-78.6960544,24.99,116.286468
2025-12-03T21:54:32.765880,uav1,3320000000.0,3,-14.145929,-28.440292,-12.213211,-24.018635,20000.0,5.781250000000007,19994.21875,0.498,0.053,0.053,0.053,350.05452972311,1,2,6,35.7248445,-78.6959407,24.997,117.29053
2025-12-03T21:54:33.770035,uav1,3320000000.0,3,-14.145929,-28.440292,-12.213211,-24.018635,20000.0,5.781250000000007,19994.21875,0.498,0.055,0.055,0.055,339.8358028882515,1,2,6,35.7248446,-78.6958275,25.001,118.294613
2025-12-03T21:54:34.774460,uav1,3320000000.0,3,-14.145929,-28.440292,-12.213211,-24.018635,20000.0,5.781250000000007,19994.21875,0.498,0.053,0.053,0.053,329.7795637644906,1,2,6,35.7248448,-78.6957161,25.002,119.299068
2025-12-03T21:54:35.778996,uav1,3320000000.0,3,-14.145929,-28.440292,-12.213211,-24.018635,20000.0,5.781250000000007,19994.21875,0.498,0.064,0.064,0.064,319.75040789832485,1,2,6,35.7248449,-78.695605,25.002,120.304163
2025-12-03T21:54:36.784054,uav1,3320000000.0,3,-14.145929,-28.440292,-12.213211,-24.018635,20000.0,5.781250000000007,19994.21875,0.498,0.05,0.05,0.05,309.75736136909467,1,2,6,35.7248449,-78.6954943,25.003,121.30862
2025-12-03T21:54:37.788563,uav1,3320000000.0,3,-14.145929,-28.440292,-12.213211,-24.018635,20000.0,5.781250000000007,19994.21875,0.498,0.051,0.051,0.051,299.7011248465788,1,2,6,35.7248449,-78.6953829,25.005,122.313344
2025-12-03T21:54:38.792493,uav1,3320000000.0,3,-14.145929,-28.440292,-12.213211,-24.018635,20000.0,5.781250000000007,19994.21875,0.498,0.052,0.052,0.052,289.7261322070208,1,2,6,35.724845,-78.6952724,25.003,123.317249
2025-12-03T21:54:39.796369,uav1,3320000000.0,3,-14.145929,-28.440292,-12.213211,-24.018635,20000.0,5.781250000000007,19994.21875,0.498,0.072,0.072,0.072,279.733085725264,1,2,6,35.7248451,-78.6951617,25.002,124.322053
2025-12-03T21:54:40.802027,uav1,3320000000.0,3,-14.145929,-28.440292,-12.213211,-24.018635,20000.0,5.781250000000007,19994.21875,0.498,0.052,0.052,0.052,269.76712063873384,1,2,6,35.7248451,-78.6950513,25.001,125.326904
2025-12-03T21:54:41.806749,uav1,3320000000.0,3,-14.145929,-28.440292,-12.213211,-24.018635,20000.0,5.781250000000007,19994.21875,0.498,0.052,0.052,0.052,259.7289384136935,1,2,6,35.7248451,-78.6949401,25.002,126.331623
2025-12-03T21:54:42.811443,uav1,3320000000.0,3,-14.145929,-28.440292,-12.213211,-24.018635,20000.0,5.781250000000007,19994.21875,0.498,0.051,0.051,0.051,249.75394618508614,1,2,6,35.7248451,-78.6948296,25.004,127.336268
2025-12-03T21:54:43.815825,uav1,3320000000.0,3,-14.145929,-28.440292,-12.213211,-24.018635,20000.0,5.781250000000007,19994.21875,0.498,0.055,0.055,0.055,239.7338182455772,1,2,6,35.7248451,-78.6947186,25.003,128.340706
2025-12-03T21:54:44.820470,uav1,3320000000.0,3,-14.145929,-28.440292,-12.213211,-24.018635,20000.0,5.781250000000007,19994.21875,0.498,0.045,0.045,0.045,229.79493446322152,1,2,6,35.724845,-78.6946085,25.001,129.345756
2025-12-03T21:54:45.825709,uav1,3320000000.0,3,-14.145929,-28.440292,-12.213211,-24.018635,20000.0,5.781250000000007,19994.21875,0.498,0.057,0.057,0.057,219.8018879344018,1,2,6,35.724845,-78.6944978,25.001,130.350275
2025-12-03T21:54:46.829333,uav1,3320000000.0,3,-14.145929,-28.440292,-12.213211,-24.018635,20000.0,5.781250000000007,19994.21875,0.498,0.049,0.049,0.049,209.8088414055122,1,2,6,35.724845,-78.6943871,25.002,131.354058
2025-12-03T21:54:47.833470,uav1,3320000000.0,3,-14.145929,-28.440292,-12.213211,-24.018635,20000.0,5.781250000000007,19994.21875,0.498,0.055,0.055,0.055,199.7887134490815,1,2,6,35.724845,-78.6942761,25.001,132.358219
2025-12-03T21:54:48.838865,uav1,3320000000.0,3,-14.145929,-28.440292,-12.213211,-24.018635,20000.0,5.781250000000007,19994.21875,0.498,0.063,0.063,0.063,189.78663977795267,1,2,6,35.724845,-78.6941653,25.001,133.363582
2025-12-03T21:54:49.843118,uav1,3320000000.0,3,-14.145929,-28.440292,-12.213211,-24.018635,20000.0,5.781250000000007,19994.21875,0.498,0.062,0.062,0.062,179.80262039212928,1,2,6,35.724845,-78.6940547,25.001,134.368274
2025-12-03T21:54:50.847244,uav1,3320000000.0,3,-14.145929,-28.440292,-12.213211,-24.018635,20000.0,5.781250000000007,19994.21875,0.498,0.044,0.044,0.044,169.87276385890135,1,2,6,35.724845,-78.6939447,25.001,135.371929
2025-12-03T21:54:51.851291,uav1,3320000000.0,3,-14.145929,-28.440292,-12.213211,-24.018635,20000.0,5.781250000000007,19994.21875,0.498,0.052,0.052,0.052,159.88874447181874,1,2,6,35.724845,-78.6938341,25.001,136.37627
2025-12-03T21:54:52.855776,uav1,3320000000.0,3,-14.145929,-28.440292,-12.213211,-24.018635,20000.0,5.781250000000007,19994.21875,0.498,0.057,0.057,0.057,149.85056223088375,1,2,6,35.724845,-78.6937229,25.002,137.381034
2025-12-03T21:54:53.860471,uav1,3320000000.0,3,-14.145929,-28.440292,-12.213211,-24.018635,20000.0,5.781250000000007,19994.21875,0.498,0.041,0.041,0.041,139.8575162314072,1,2,6,35.7248449,-78.6936122,25.001,138.385115
2025-12-03T21:54:54.864290,uav1,3320000000.0,3,-14.145929,-28.440292,-12.213211,-24.018635,20000.0,5.781250000000007,19994.21875,0.498,0.055,0.055,0.055,129.86446972981477,1,2,6,35.7248449,-78.6935015,25.001,139.389007
2025-12-03T21:54:55.867984,uav1,3320000000.0,3,-14.145929,-28.440292,-12.213211,-24.018635,20000.0,5.781250000000007,19994.21875,0.498,0.052,0.052,0.052,119.89850466122806,1,2,6,35.7248449,-78.6933911,25.001,140.392887
2025-12-03T21:54:56.872689,uav1,3320000000.0,3,-14.145929,-28.440292,-12.213211,-24.018635,20000.0,5.781250000000007,19994.21875,0.498,0.041,0.041,0.041,109.92351245656076,1,2,6,35.7248449,-78.6932806,25.001,141.397413
2025-12-03T21:54:57.876917,uav1,3320000000.0,3,-14.145929,-28.440292,-12.213211,-24.018635,20000.0,5.781250000000007,19994.21875,0.498,0.043,0.043,0.043,99.9575474044052,1,2,6,35.7248449,-78.6931702,25.001,142.401501
2025-12-03T21:54:58.880727,uav1,3320000000.0,3,-14.145929,-28.440292,-12.213211,-24.018635,20000.0,5.781250000000007,19994.21875,0.498,0.057,0.057,0.057,89.91033808392868,1,2,6,35.7248449,-78.6930589,25.002,143.405837
2025-12-03T21:54:59.884973,uav1,3320000000.0,3,-14.145929,-28.440292,-12.213211,-24.018635,20000.0,5.781250000000007,19994.21875,0.498,0.053,0.053,0.053,79.94437306020744,1,2,6,35.7248449,-78.6929485,25.0,144.410077
2025-12-03T21:55:00.889700,uav1,3320000000.0,3,-14.145929,-28.440292,-12.213211,-24.018635,20000.0,5.781250000000007,19994.21875,0.498,0.051,0.051,0.051,69.95132663602146,1,2,6,35.7248449,-78.6928378,25.001,145.414253
2025-12-03T21:55:01.893998,uav1,3320000000.0,3,-14.145929,-28.440292,-12.213211,-24.018635,20000.0,5.781250000000007,19994.21875,0.498,0.052,0.052,0.052,59.99438881532757,1,2,6,35.7248449,-78.6927275,25.0,146.418565
2025-12-03T21:55:02.897575,uav1,3320000000.0,3,-14.145929,-28.440292,-12.213211,-24.018635,20000.0,5.781250000000007,19994.21875,0.498,0.058,0.058,0.058,49.94717963292516,1,2,6,35.7248449,-78.6926162,25.002,147.422227
2025-12-03T21:55:03.901368,uav1,3320000000.0,3,-14.145929,-28.440292,-12.213211,-24.018635,20000.0,5.781250000000007,19994.21875,0.498,0.052,0.052,0.052,39.99024197484618,1,2,6,35.7248449,-78.6925059,25.001,148.426041
2025-12-03T21:55:04.905390,uav1,3320000000.0,3,-14.145929,-28.440292,-12.213211,-24.018635,20000.0,5.781250000000007,19994.21875,0.498,0.05,0.05,0.05,30.2319016375442,1,2,6,35.7248449,-78.6923978,25.01,149.430134
2025-12-03T21:55:05.909192,uav1,3320000000.0,3,-14.145929,-28.440292,-12.213211,-24.018635,20000.0,5.781250000000007,19994.21875,0.498,0.056,0.056,0.056,21.520710137271358,1,2,6,35.7248449,-78.6923013,25.006,150.433757
2025-12-03T21:55:06.913487,uav1,3320000000.0,3,-14.145929,-28.440292,-12.213211,-24.018635,20000.0,5.781250000000007,19994.21875,0.498,0.053,0.053,0.053,14.001115391715617,1,2,6,35.7248448,-78.692218,24.997,151.438323
2025-12-03T21:55:07.918215,uav1,3320000000.0,3,-14.145929,-28.440292,-12.213211,-24.018635,20000.0,5.781250000000007,19994.21875,0.498,0.052,0.052,0.052,7.94391636624002,1,2,6,35.7248448,-78.6921509,24.991,152.442844
2025-12-03T21:55:08.922374,uav1,3320000000.0,3,-14.145929,-28.440292,-12.213211,-24.018635,20000.0,5.781250000000007,19994.21875,0.498,0.054,0.054,0.054,3.394278364295057,1,2,6,35.7248448,-78.6921005,24.99,153.447393
2025-12-03T21:55:09.927362,uav1,3320000000.0,3,-14.145929,-28.440292,-12.213211,-24.018635,20000.0,5.781250000000007,19994.21875,0.498,0.041,0.041,0.041,0.4605185211473105,1,2,6,35.7248449,-78.692068,24.993,154.451991
2025-12-03T21:55:10.931320,uav1,3320000000.0,3,-14.145929,-28.440292,-12.213211,-24.018635,20000.0,5.781250000000007,19994.21875,0.498,0.054,0.054,0.054,0.7041170982975716,1,2,6,35.724845,-78.6920551,24.998,155.456303
2025-12-03T21:55:11.935908,uav1,3320000000.0,3,-14.145929,-28.440292,-12.213211,-24.018635,20000.0,5.781250000000007,19994.21875,0.498,0.053,0.053,0.053,0.6770356719700279,1,2,6,35.724845,-78.6920554,24.998,156.460543
2025-12-03T21:55:12.939669,uav1,3320000000.0,3,-14.145929,-28.440292,-12.213211,-24.018635,20000.0,5.781250000000007,19994.21875,0.498,0.059,0.059,0.059,0.36125686068932433,1,2,6,35.7248451,-78.6920589,24.996,157.464376
2025-12-03T21:55:13.943443,uav1,3320000000.0,3,-14.145929,-28.440292,-12.213211,-24.018635,20000.0,5.781250000000007,19994.21875,0.498,0.054,0.054,0.054,0.14823645999258436,1,2,6,35.7248453,-78.6920613,24.997,158.468094
2025-12-03T21:55:14.947135,uav1,3320000000.0,3,-14.145929,-28.440292,-12.213211,-24.018635,20000.0,5.781250000000007,19994.21875,0.498,0.052,0.052,0.052,0.04915909644242283,1,2,6,35.7248453,-78.6920625,24.998,159.471955
2025-12-03T21:55:15.951702,uav1,3320000000.0,3,-14.145929,-28.440292,-12.213211,-24.018635,20000.0,5.781250000000007,19994.21875,0.498,0.063,0.063,0.063,0.024001286682002278,1,2,6,35.7248452,-78.692063,24.999,160.476498
2025-12-03T21:55:16.955878,uav1,3320000000.0,3,-14.145929,-28.440292,-12.213211,-24.018635,20000.0,5.781250000000007,19994.21875,0.498,0.052,0.052,0.052,0.03610856958517783,1,2,6,35.724845,-78.6920633,24.998,161.480648
2025-12-03T21:55:17.959775,uav1,3320000000.0,3,-14.145929,-28.440292,-12.213211,-24.018635,20000.0,5.781250000000007,19994.21875,0.498,0.077,0.077,0.077,0.055292476773643864,1,2,6,35.7248449,-78.6920635,24.999,162.48521
2025-12-03T21:55:18.964713,uav1,3320000000.0,3,-14.145929,-28.440292,-12.213211,-24.018635,20000.0,5.781250000000007,19994.21875,0.498,0.08,0.08,0.08,0.07556379875116605,1,2,6,35.7248448,-78.6920637,24.999,163.489468
2025-12-03T21:55:19.968904,uav1,3320000000.0,3,-14.145929,-28.440292,-12.213211,-24.018635,20000.0,5.781250000000007,19994.21875,0.498,0.055,0.055,0.055,0.08782608590886883,1,2,6,35.7248447,-78.6920638,24.999,164.493731
2025-12-03T21:55:20.972939,uav1,3320000000.0,3,-14.145929,-28.440292,-12.213211,-24.018635,20000.0,5.781250000000007,19994.21875,0.498,0.053,0.053,0.053,0.08782608590886883,1,2,6,35.7248447,-78.6920638,24.999,165.497603
2025-12-03T21:55:21.976787,uav1,3320000000.0,3,-14.145929,-28.440292,-12.213211,-24.018635,20000.0,5.781250000000007,19994.21875,0.498,0.056,0.056,0.056,0.09262247669125588,1,2,6,35.7248446,-78.6920638,24.999,166.501356
2025-12-03T21:55:22.981602,uav1,3320000000.0,3,-14.145929,-28.440292,-12.213211,-24.018635,20000.0,5.781250000000007,19994.21875,0.498,0.053,0.053,0.053,0.08782608590886883,1,2,6,35.7248447,-78.6920638,24.999,167.507868
2025-12-03T21:55:23.987543,uav1,3320000000.0,3,-14.145929,-28.440292,-12.213211,-24.018635,20000.0,5.781250000000007,19994.21875,0.498,0.071,0.071,0.071,0.08423304420393865,1,2,6,35.7248448,-78.6920638,24.999,168.513888
2025-12-03T21:55:24.993491,uav1,3320000000.0,3,-14.145929,-28.440292,-12.213211,-24.018635,20000.0,5.781250000000007,19994.21875,0.498,0.053,0.053,0.053,0.08200168520490905,1,2,6,35.7248449,-78.6920638,24.997,169.518155
2025-12-03T21:55:25.997887,uav1,3320000000.0,3,-14.145929,-28.440292,-12.213211,-24.018635,20000.0,5.781250000000007,19994.21875,0.498,0.053,0.053,0.053,0.08124428127953692,1,2,6,35.724845,-78.6920638,24.996,170.522647
2025-12-03T21:55:27.001926,uav1,3320000000.0,3,-14.145929,-28.440292,-12.213211,-24.018635,20000.0,5.781250000000007,19994.21875,0.498,0.074,0.074,0.074,0.08200168510386556,1,2,6,35.7248451,-78.6920638,24.998,171.527498
2025-12-03T21:55:28.007004,uav1,3320000000.0,3,-14.145929,-28.440292,-12.213211,-24.018635,20000.0,5.781250000000007,19994.21875,0.498,0.054,0.054,0.054,0.08200168510386556,1,2,6,35.7248451,-78.6920638,24.998,172.531987
2025-12-03T21:55:29.011183,uav1,3320000000.0,3,-14.145929,-28.440292,-12.213211,-24.018635,20000.0,5.781250000000007,19994.21875,0.498,0.06,0.06,0.06,0.08200168510386556,1,2,6,35.7248451,-78.6920638,24.998,173.535976
2025-12-03T21:55:30.015901,uav1,3320000000.0,3,-14.145929,-28.440292,-12.213211,-24.018635,20000.0,5.781250000000007,19994.21875,0.498,0.053,0.053,0.053,0.08200168510386556,1,2,6,35.7248451,-78.6920638,24.997,174.540922
2025-12-03T21:55:31.020715,uav1,3320000000.0,3,-14.145929,-28.440292,-12.213211,-24.018635,20000.0,5.781250000000007,19994.21875,0.498,0.05,0.05,0.05,0.08200168510386556,1,2,6,35.7248451,-78.6920638,24.996,175.54536
2025-12-03T21:55:32.024604,uav1,3320000000.0,3,-14.145929,-28.440292,-12.213211,-24.018635,20000.0,5.781250000000007,19994.21875,0.498,0.056,0.056,0.056,0.08124428127953692,1,2,6,35.724845,-78.6920638,24.998,176.54926
2025-12-03T21:55:33.028731,uav1,3320000000.0,3,-14.145929,-28.440292,-12.213211,-24.018635,20000.0,5.781250000000007,19994.21875,0.498,0.051,0.051,0.051,0.08124428127953692,1,2,6,35.724845,-78.6920638,24.998,177.553409
2025-12-03T21:55:34.033081,uav1,3320000000.0,3,-14.145929,-28.440292,-12.213211,-24.018635,20000.0,5.781250000000007,19994.21875,0.498,0.052,0.052,0.052,0.08124428127953692,1,2,6,35.724845,-78.6920638,24.999,178.557664
2025-12-03T21:55:35.037625,uav1,3320000000.0,3,-14.145929,-28.440292,-12.213211,-24.018635,20000.0,5.781250000000007,19994.21875,0.498,0.054,0.054,0.054,0.08124428127953692,1,2,6,35.724845,-78.6920638,24.999,179.562398
2025-12-03T21:55:36.041897,uav1,3320000000.0,3,-14.145929,-28.440292,-12.213211,-24.018635,20000.0,5.781250000000007,19994.21875,0.498,0.05,0.05,0.05,0.08124428127953692,1,2,6,35.724845,-78.6920638,24.999,180.566509
2025-12-03T21:55:37.046322,uav1,3320000000.0,3,-14.145929,-28.440292,-12.213211,-24.018635,20000.0,5.781250000000007,19994.21875,0.498,0.056,0.056,0.056,0.08124428127953692,1,2,6,35.724845,-78.6920638,24.999,181.57107
2025-12-03T21:55:38.051515,uav1,3320000000.0,3,-14.145929,-28.440292,-12.213211,-24.018635,20000.0,5.781250000000007,19994.21875,0.498,0.043,0.043,0.043,0.08124428127953692,1,2,6,35.724845,-78.6920638,24.997,182.576113
2025-12-03T21:55:39.055721,uav1,3320000000.0,3,-14.145929,-28.440292,-12.213211,-24.018635,20000.0,5.781250000000007,19994.21875,0.498,0.058,0.058,0.058,0.08124428127953692,1,2,6,35.724845,-78.6920638,24.997,183.58024
2025-12-03T21:55:40.059785,uav1,3320000000.0,3,-14.145929,-28.440292,-12.213211,-24.018635,20000.0,5.781250000000007,19994.21875,0.498,0.051,0.051,0.051,0.08124428127953692,1,2,6,35.724845,-78.6920638,24.998,184.584325
2025-12-03T21:55:41.063323,uav1,3320000000.0,3,-14.145929,-28.440292,-12.213211,-24.018635,20000.0,5.781250000000007,19994.21875,0.498,0.054,0.054,0.054,0.08124428127953692,1,2,6,35.724845,-78.6920638,24.999,185.588398
2025-12-03T21:55:42.068156,uav1,3320000000.0,3,-14.145929,-28.440292,-12.213211,-24.018635,20000.0,5.781250000000007,19994.21875,0.498,0.051,0.051,0.051,0.08124428127953692,1,2,6,35.724845,-78.6920638,24.998,186.592914
2025-12-03T21:55:43.072527,uav1,3320000000.0,3,-14.145929,-28.440292,-12.213211,-24.018635,20000.0,5.781250000000007,19994.21875,0.498,0.052,0.052,0.052,0.08124428127953692,1,2,6,35.724845,-78.6920638,24.998,187.597149
2025-12-03T21:55:44.076295,uav1,3320000000.0,3,-14.145929,-28.440292,-12.213211,-24.018635,20000.0,5.781250000000007,19994.21875,0.498,0.051,0.051,0.051,0.08124428127953692,1,2,6,35.724845,-78.6920638,24.999,188.609052
2025-12-03T21:55:45.088608,uav1,3320000000.0,3,-14.145929,-28.440292,-12.213211,-24.018635,20000.0,5.781250000000007,19994.21875,0.498,0.056,0.056,0.056,0.08124428127953692,1,2,6,35.724845,-78.6920638,24.997,189.613452
2025-12-03T21:55:46.093396,uav1,3320000000.0,3,-14.145929,-28.440292,-12.213211,-24.018635,20000.0,5.781250000000007,19994.21875,0.498,0.055,0.055,0.055,0.08124428127953692,1,2,6,35.724845,-78.6920638,24.998,190.618159
2025-12-03T21:55:47.098089,uav1,3320000000.0,3,-14.145929,-28.440292,-12.213211,-24.018635,20000.0,5.781250000000007,19994.21875,0.498,0.054,0.054,0.054,0.08124428127953692,1,2,6,35.724845,-78.6920638,24.998,191.622705
2025-12-03T21:55:48.102418,uav1,3320000000.0,3,-14.145929,-28.440292,-12.213211,-24.018635,20000.0,5.781250000000007,19994.21875,0.498,0.062,0.062,0.062,0.08124428127953692,1,2,6,35.724845,-78.6920638,24.999,192.627112
2025-12-03T21:55:49.107713,uav1,3320000000.0,3,-14.145929,-28.440292,-12.213211,-24.018635,20000.0,5.781250000000007,19994.21875,0.498,0.052,0.052,0.052,0.08124428127953692,1,2,6,35.724845,-78.6920638,24.999,193.632417
2025-12-03T21:55:50.112178,uav1,3320000000.0,3,-14.145929,-28.440292,-12.213211,-24.018635,20000.0,5.781250000000007,19994.21875,0.498,0.055,0.055,0.055,0.08124428127953692,1,2,6,35.724845,-78.6920638,24.999,194.636799
2025-12-03T21:55:51.116219,uav1,3320000000.0,3,-14.145929,-28.440292,-12.213211,-24.018635,20000.0,5.781250000000007,19994.21875,0.498,0.048,0.048,0.048,0.08124428127953692,1,2,6,35.724845,-78.6920638,24.999,195.640961
2025-12-03T21:55:52.120265,uav1,3320000000.0,3,-14.145929,-28.440292,-12.213211,-24.018635,20000.0,5.781250000000007,19994.21875,0.498,0.057,0.057,0.057,0.08200168520490905,1,2,6,35.7248449,-78.6920638,24.999,196.644871
2025-12-03T21:55:53.124950,uav1,3320000000.0,3,-14.145929,-28.440292,-12.213211,-24.018635,20000.0,5.781250000000007,19994.21875,0.498,0.051,0.051,0.051,0.08124428127953692,1,2,6,35.724845,-78.6920638,24.999,197.649656
2025-12-03T21:55:54.128910,uav1,3320000000.0,3,-14.145929,-28.440292,-12.213211,-24.018635,20000.0,5.781250000000007,19994.21875,0.498,0.052,0.052,0.052,0.08124428127953692,1,2,6,35.724845,-78.6920638,24.999,198.653552
2025-12-03T21:55:55.132729,uav1,3320000000.0,3,-14.145929,-28.440292,-12.213211,-24.018635,20000.0,5.781250000000007,19994.21875,0.498,0.051,0.051,0.051,0.08124428127953692,1,2,6,35.724845,-78.6920638,24.999,199.657387
2025-12-03T21:55:56.136688,uav1,3320000000.0,3,-14.145929,-28.440292,-12.213211,-24.018635,20000.0,5.781250000000007,19994.21875,0.498,0.052,0.052,0.052,0.08124428127953692,1,2,6,35.724845,-78.6920638,24.999,200.66129
2025-12-03T21:55:57.140856,uav1,3320000000.0,3,-14.145929,-28.440292,-12.213211,-24.018635,20000.0,5.781250000000007,19994.21875,0.498,0.047,0.047,0.047,0.08124428127953692,1,2,6,35.724845,-78.6920638,24.999,201.665527
2025-12-03T21:55:58.145382,uav1,3320000000.0,3,-14.145929,-28.440292,-12.213211,-24.018635,20000.0,5.781250000000007,19994.21875,0.498,0.043,0.043,0.043,0.08124428127953692,1,2,6,35.724845,-78.6920638,24.999,202.670022
2025-12-03T21:55:59.149267,uav1,3320000000.0,3,-14.145929,-28.440292,-12.213211,-24.018635,20000.0,5.781250000000007,19994.21875,0.498,0.053,0.053,0.053,0.08124428127953692,1,2,6,35.724845,-78.6920638,24.999,203.673894
2025-12-03T21:56:00.153107,uav1,3320000000.0,3,-14.145929,-28.440292,-12.213211,-24.018635,20000.0,5.781250000000007,19994.21875,0.498,0.039,0.039,0.039,0.08124428127953692,1,2,6,35.724845,-78.6920638,24.999,204.677941
2025-12-03T21:56:01.157254,uav1,3320000000.0,3,-14.145929,-28.440292,-12.213211,-24.018635,20000.0,5.781250000000007,19994.21875,0.498,0.049,0.049,0.049,0.08124428127953692,1,2,6,35.724845,-78.6920638,24.999,205.682155
2025-12-03T21:56:02.162863,uav1,3320000000.0,3,-14.145929,-28.440292,-12.213211,-24.018635,20000.0,5.781250000000007,19994.21875,0.498,0.049,0.049,0.049,0.09027142338871819,1,2,6,35.724845,-78.6920639,24.999,206.687491
2025-12-03T21:56:03.166930,uav1,3320000000.0,3,-14.145929,-28.440292,-12.213211,-24.018635,20000.0,5.781250000000007,19994.21875,0.498,0.049,0.049,0.049,0.090953686117635,1,2,6,35.7248449,-78.6920639,24.999,207.691516
2025-12-03T21:56:04.170701,uav1,3320000000.0,3,-14.145929,-28.440292,-12.213211,-24.018635,20000.0,5.781250000000007,19994.21875,0.498,0.054,0.054,0.054,0.0999192086130031,1,2,6,35.7248449,-78.692064,24.999,208.695225
2025-12-03T21:56:05.175235,uav1,3320000000.0,3,-14.145929,-28.440292,-12.213211,-24.018635,20000.0,5.781250000000007,19994.21875,0.498,0.055,0.055,0.055,0.0999192086130031,1,2,6,35.7248449,-78.692064,25.0,209.69993
2025-12-03T21:56:06.180242,uav1,3320000000.0,3,-14.145929,-28.440292,-12.213211,-24.018635,20000.0,5.781250000000007,19994.21875,0.498,0.058,0.058,0.058,0.0999192086130031,1,2,6,35.7248449,-78.692064,25.0,210.704955
2025-12-03T21:56:07.184730,uav1,3320000000.0,3,-14.145929,-28.440292,-12.213211,-24.018635,20000.0,5.781250000000007,19994.21875,0.498,0.051,0.051,0.051,0.0999192086130031,1,2,6,35.7248449,-78.692064,24.999,211.709357
2025-12-03T21:56:08.188961,uav1,3320000000.0,3,-14.145929,-28.440292,-12.213211,-24.018635,20000.0,5.781250000000007,19994.21875,0.498,0.051,0.051,0.051,0.0999192086130031,1,2,6,35.7248449,-78.692064,24.999,212.713824
2025-12-03T21:56:09.192997,uav1,3320000000.0,3,-14.145929,-28.440292,-12.213211,-24.018635,20000.0,5.781250000000007,19994.21875,0.498,0.049,0.049,0.049,0.10175842772644553,1,2,6,35.7248448,-78.692064,24.999,213.717681
2025-12-03T21:56:10.197203,uav1,3320000000.0,3,-14.145929,-28.440292,-12.213211,-24.018635,20000.0,5.781250000000007,19994.21875,0.498,0.049,0.049,0.049,0.10175842772644553,1,2,6,35.7248448,-78.692064,24.999,214.721841
2025-12-03T21:56:11.201361,uav1,3320000000.0,3,-14.145929,-28.440292,-12.213211,-24.018635,20000.0,5.781250000000007,19994.21875,0.498,0.053,0.053,0.053,0.10175842772644553,1,3,6,35.7248448,-78.692064,24.999,215.726231
2025-12-03T21:56:12.205362,uav1,3320000000.0,3,-14.145929,-28.440292,-12.213211,-24.018635,20000.0,5.781250000000007,19994.21875,0.498,0.053,0.053,0.053,0.10175842772644553,1,3,6,35.7248448,-78.692064,24.999,216.730139
2025-12-03T21:56:13.209737,uav1,3320000000.0,3,-14.145929,-28.440292,-12.213211,-24.018635,20000.0,5.781250000000007,19994.21875,0.498,0.049,0.049,0.049,0.10175842772644553,1,3,6,35.7248448,-78.692064,24.999,217.73439
2025-12-03T21:56:14.214352,uav1,3320000000.0,3,-14.145929,-28.440292,-12.213211,-24.018635,20000.0,5.781250000000007,19994.21875,0.498,0.053,0.053,0.053,0.11944146733573617,1,3,6,35.7248448,-78.6920642,25.0,218.739021
2025-12-03T21:56:15.218562,uav1,3320000000.0,3,-14.145929,-28.440292,-12.213211,-24.018635,20000.0,5.781250000000007,19994.21875,0.498,0.056,0.056,0.056,1.4084097899356558,1,3,6,35.7248448,-78.6920785,24.999,219.743325
2025-12-03T21:56:16.222372,uav1,3320000000.0,3,-14.145929,-28.440292,-12.213211,-24.018635,20000.0,5.781250000000007,19994.21875,0.498,0.055,0.055,0.055,5.172660115212664,1,3,6,35.7248447,-78.6921202,25.003,220.746955
2025-12-03T21:56:17.226298,uav1,3320000000.0,3,-14.145929,-28.440292,-12.213211,-24.018635,20000.0,5.781250000000007,19994.21875,0.498,0.056,0.056,0.056,11.338178002755841,1,3,6,35.7248446,-78.6921885,25.001,221.750904
2025-12-03T21:56:18.230002,uav1,3320000000.0,3,-14.145929,-28.440292,-12.213211,-24.018635,20000.0,5.781250000000007,19994.21875,0.498,0.051,0.051,0.051,19.904876769262508,1,3,6,35.7248447,-78.6922834,24.996,222.754662
2025-12-03T21:56:19.235467,uav1,3320000000.0,3,-14.145929,-28.440292,-12.213211,-24.018635,20000.0,5.781250000000007,19994.21875,0.498,0.051,0.051,0.051,32.163777343821245,1,3,6,35.7248444,-78.6924192,24.998,223.761545
2025-12-03T21:56:20.240923,uav1,3320000000.0,3,-14.145929,-28.440292,-12.213211,-24.018635,20000.0,5.781250000000007,19994.21875,0.498,0.061,0.061,0.061,42.34634800847197,1,3,6,35.7248446,-78.692532,24.999,224.765804
2025-12-03T21:56:21.244898,uav1,3320000000.0,3,-14.145929,-28.440292,-12.213211,-24.018635,20000.0,5.781250000000007,19994.21875,0.498,0.055,0.055,0.055,52.61922315861547,1,3,6,35.7248447,-78.6926458,25.0,225.769665
2025-12-03T21:56:22.248771,uav1,3320000000.0,3,-14.145929,-28.440292,-12.213211,-24.018635,20000.0,5.781250000000007,19994.21875,0.498,0.054,0.054,0.054,62.874050154011336,1,3,6,35.7248448,-78.6927594,25.002,226.773397
2025-12-03T21:56:23.252691,uav1,3320000000.0,3,-14.145929,-28.440292,-12.213211,-24.018635,20000.0,5.781250000000007,19994.21875,0.498,0.055,0.055,0.055,73.01153042623667,1,3,6,35.7248448,-78.6928717,25.001,227.777302
2025-12-03T21:56:24.256844,uav1,3320000000.0,3,-14.145929,-28.440292,-12.213211,-24.018635,20000.0,5.781250000000007,19994.21875,0.498,0.053,0.053,0.053,83.07679369721889,1,3,6,35.7248448,-78.6929832,25.0,228.78198
2025-12-03T21:56:25.261299,uav1,3320000000.0,3,-14.145929,-28.440292,-12.213211,-24.018635,20000.0,5.781250000000007,19994.21875,0.498,0.057,0.057,0.057,93.05178563593678,1,3,6,35.7248448,-78.6930937,24.998,229.786148
2025-12-03T21:56:26.265505,uav1,3320000000.0,3,-14.145929,-28.440292,-12.213211,-24.018635,20000.0,5.781250000000007,19994.21875,0.498,0.052,0.052,0.052,103.08094048787369,1,3,6,35.7248448,-78.6932048,24.999,230.790296
2025-12-03T21:56:27.269893,uav1,3320000000.0,3,-14.145929,-28.440292,-12.213211,-24.018635,20000.0,5.781250000000007,19994.21875,0.498,0.057,0.057,0.057,113.06495967590018,1,3,6,35.7248448,-78.6933154,24.998,231.794521
2025-12-03T21:56:28.274190,uav1,3320000000.0,3,-14.145929,-28.440292,-12.213211,-24.018635,20000.0,5.781250000000007,19994.21875,0.498,0.057,0.057,0.057,123.12119603519893,1,3,6,35.7248448,-78.6934268,24.999,232.799549
2025-12-03T21:56:29.279260,uav1,3320000000.0,3,-14.145929,-28.440292,-12.213211,-24.018635,20000.0,5.781250000000007,19994.21875,0.498,0.054,0.054,0.054,133.0420252880766,1,3,6,35.7248448,-78.6935367,24.998,233.804231
2025-12-03T21:56:30.283910,uav1,3320000000.0,3,-14.145929,-28.440292,-12.213211,-24.018635,20000.0,5.781250000000007,19994.21875,0.498,0.057,0.057,0.057,143.05312598640347,1,3,6,35.7248448,-78.6936476,24.999,234.808804
2025-12-03T21:56:31.288589,uav1,3320000000.0,3,-14.145929,-28.440292,-12.213211,-24.018635,20000.0,5.781250000000007,19994.21875,0.498,0.061,0.061,0.061,153.03714527217974,1,3,6,35.7248448,-78.6937582,24.998,235.813867
2025-12-03T21:56:32.293391,uav1,3320000000.0,3,-14.145929,-28.440292,-12.213211,-24.018635,20000.0,5.781250000000007,19994.21875,0.498,0.061,0.061,0.061,163.06630028419858,1,3,6,35.7248448,-78.6938693,24.999,236.81877
2025-12-03T21:56:33.298621,uav1,3320000000.0,3,-14.145929,-28.440292,-12.213211,-24.018635,20000.0,5.781250000000007,19994.21875,0.498,0.049,0.049,0.049,173.05031959630517,1,3,6,35.7248448,-78.6939799,24.999,237.823362
2025-12-03T21:56:34.303229,uav1,3320000000.0,3,-14.145929,-28.440292,-12.213211,-24.018635,20000.0,5.781250000000007,19994.21875,0.498,0.051,0.051,0.051,183.07044748726386,1,3,6,35.7248448,-78.6940909,24.999,238.827799
2025-12-03T21:56:35.306964,uav1,3320000000.0,3,-14.145929,-28.440292,-12.213211,-24.018635,20000.0,5.781250000000007,19994.21875,0.498,0.042,0.042,0.042,192.9732225360552,1,3,6,35.7248448,-78.6942006,24.999,239.831914
